checked_at,product_id,title,price,url
2026-10-09T04:47:30Z,COMHZQX47WQ7YJZP,"Apple MacBook Air (M5, 2026) M5 - (16 GB/512 GB SSD/Tahoe) MDHE4HN/A",139990,https://www.flipkart.com/apple-macbook-air-m5-2026-m5-16-gb-512-gb-ssd-tahoe-mdhe4hn-a/p/itm8505e2f874525?pid=COMHZQX47WQ7YJZP
2026-10-09T04:47:30Z,COMHZQX48T78QSFH,"Apple MacBook Air (M5, 2026) M5 - (16 GB/512 GB SSD/Tahoe) MDHH4HN/A",139990,https://www.flipkart.com/apple-macbook-air-m5-2026-m5-16-gb-512-gb-ssd-tahoe-mdhh4hn-a/p/itm5a19d35343c46?pid=COMHZQX48T78QSFH
2026-10-09T04:47:30Z,COMHZQX4ZGEKVQJT,"Apple MacBook Air (M5, 2026) M5 - (16 GB/512 GB SSD/Tahoe) MDHA4HN/A",139990,https://www.flipkart.com/apple-macbook-air-m5-2026-m5-16-gb-512-gb-ssd-tahoe-mdha4hn-a/p/itm3fee23645bafb?pid=COMHZQX4ZGEKVQJT
2026-10-09T04:47:30Z,COMHZQX4GXGGJHDY,"Apple MacBook Air (M5, 2026) M5 - (16 GB/512 GB SSD/Tahoe) MDH74HN/A",139990,https://www.flipkart.com/apple-macbook-air-m5-2026-m5-16-gb-512-gb-ssd-tahoe-mdh74hn-a/p/itm7780abdd2be7d?pid=COMHZQX4GXGGJHDY
2026-10-09T04:47:30Z,COMHZQX43F53YMDH,"Apple MacBook Air (M5, 2026) M5 - (16 GB/512 GB SSD/Tahoe) MDVH4HN/A",159990,https://www.flipkart.com/apple-macbook-air-m5-2026-m5-16-gb-512-gb-ssd-tahoe-mdvh4hn-a/p/itmd6e6f3c7a6603?pid=COMHZQX43F53YMDH
2026-10-09T04:47:30Z,COMHZQX4X7QDXECT,"Apple MacBook Air (M5, 2026) M5 - (16 GB/512 GB SSD/Tahoe) MDVQ4HN/A",159990,https://www.flipkart.com/apple-macbook-air-m5-2026-m5-16-gb-512-gb-ssd-tahoe-mdvq4hn-a/p/itm4b244ba3a72ce?pid=COMHZQX4X7QDXECT
2026-10-09T04:47:30Z,COMHZQX4VQBBYYKT,"Apple MacBook Air (M5, 2026) M5 - (16 GB/1 TB SSD/Tahoe) MDH84HN/A",164499,https://www.flipkart.com/apple-macbook-air-m5-2026-m5-16-gb-1-tb-ssd-tahoe-mdh84hn-a/p/itme8a147c5748e8?pid=COMHZQX4VQBBYYKT
2026-10-09T04:47:30Z,COMHZQX48G9THDFN,"Apple MacBook Air (M5, 2026) M5 - (16 GB/1 TB SSD/Tahoe) MDHJ4HN/A",164990,https://www.flipkart.com/apple-macbook-air-m5-2026-m5-16-gb-1-tb-ssd-tahoe-mdhj4hn-a/p/itmb44260ca18723?pid=COMHZQX48G9THDFN
2026-10-09T04:47:30Z,COMHZQX4HPH9XUPZ,"Apple MacBook Air (M5, 2026) M5 - (16 GB/1 TB SSD/Tahoe) MDHF4HN/A",164990,https://www.flipkart.com/apple-macbook-air-m5-2026-m5-16-gb-1-tb-ssd-tahoe-mdhf4hn-a/p/itmcb85d95a91f0d?pid=COMHZQX4HPH9XUPZ
2026-10-09T04:47:30Z,COMHZQX4QK5H5DEW,"Apple MacBook Air (M5, 2026) M5 - (24 GB/1 TB SSD/Tahoe) MDH94HN/A",185699,https://www.flipkart.com/apple-macbook-air-m5-2026-m5-24-gb-1-tb-ssd-tahoe-mdh94hn-a/p/itme13cc94c0e385?pid=COMHZQX4QK5H5DEW
2026-10-09T04:47:30Z,COMHZQX4GRPZZEU3,"Apple MacBook Air (M5, 2026) M5 - (24 GB/1 TB SSD/Tahoe) MDHK4HN/A",186990,https://www.flipkart.com/apple-macbook-air-m5-2026-m5-24-gb-1-tb-ssd-tahoe-mdhk4hn-a/p/itm81706d46d2612?pid=COMHZQX4GRPZZEU3
2026-10-09T04:47:30Z,COMHZQX42QTJHCJH,"Apple MacBook Air (M5, 2026) M5 - (16 GB/1 TB SSD/Tahoe) MDVT4HN/A",192990,https://www.flipkart.com/apple-macbook-air-m5-2026-m5-16-gb-1-tb-ssd-tahoe-mdvt4hn-a/p/itm6d89aef2f30f7?pid=COMHZQX42QTJHCJH
2026-10-09T04:47:30Z,COMHZQX4DKHHHMME,"Apple MacBook Air (M5, 2026) M5 - (16 GB/1 TB SSD/Tahoe) MDVK4HN/A",192990,https://www.flipkart.com/apple-macbook-air-m5-2026-m5-16-gb-1-tb-ssd-tahoe-mdvk4hn-a/p/itma2aeb2eabe3e3?pid=COMHZQX4DKHHHMME
2026-10-09T04:47:30Z,COMHZQX4NEDTDT6C,"Apple MacBook Air (M5, 2026) M5 - (16 GB/1 TB SSD/Tahoe) MDVA4HN/A",192990,https://www.flipkart.com/apple-macbook-air-m5-2026-m5-16-gb-1-tb-ssd-tahoe-mdva4hn-a/p/itm1542a60aa68e2?pid=COMHZQX4NEDTDT6C
2026-10-09T04:47:30Z,COMHZQX4AZGCXANN,"Apple MacBook Air (M5, 2026) M5 - (24 GB/1 TB SSD/Tahoe) MDVF4HN/A",212299,https://www.flipkart.com/apple-macbook-air-m5-2026-m5-24-gb-1-tb-ssd-tahoe-mdvf4hn-a/p/itmd116194da74e8?pid=COMHZQX4AZGCXANN
2026-10-09T04:47:30Z,COMHZQX4GHMGY2AF,"Apple MacBook Air (M5, 2026) M5 - (24 GB/1 TB SSD/Tahoe) MDVU4HN/A",212299,https://www.flipkart.com/apple-macbook-air-m5-2026-m5-24-gb-1-tb-ssd-tahoe-mdvu4hn-a/p/itm4a1e61b1c9541?pid=COMHZQX4GHMGY2AF
2026-10-09T04:47:30Z,COMHZQX4N96G6HYV,"Apple MacBook Air (M5, 2026) M5 - (24 GB/1 TB SSD/Tahoe) MDVN4HN/A",214990,https://www.flipkart.com/apple-macbook-air-m5-2026-m5-24-gb-1-tb-ssd-tahoe-mdvn4hn-a/p/itm2b5972e99410a?pid=COMHZQX4N96G6HYV
2026-10-09T04:47:30Z,COMHZQX4Z6NWZDR4,"Apple MacBook Pro (M5 Pro, 2026) M5 Pro - (24 GB/1 TB SSD/Tahoe) MGEA4HN/A",318499,https://www.flipkart.com/apple-macbook-pro-m5-pro-2026-m5-24-gb-1-tb-ssd-tahoe-mgea4hn-a/p/itmc320686d0304a?pid=COMHZQX4Z6NWZDR4
2026-10-09T04:47:30Z,COMHZQX4SGQU4YMN,"Apple MacBook Pro (M5 Pro, 2026) M5 Pro - (24 GB/2 TB SSD/Tahoe) MGDP4HN/A",339899,https://www.flipkart.com/apple-macbook-pro-m5-pro-2026-m5-24-gb-2-tb-ssd-tahoe-mgdp4hn-a/p/itm923214582d630?pid=COMHZQX4SGQU4YMN
2026-10-09T04:47:30Z,COMHZQX4TFMKHY57,"Apple MacBook Pro (M5 Max, 2026) M5 Max - (36 GB/2 TB SSD/Tahoe) MGDQ4HN/A",424899,https://www.flipkart.com/apple-macbook-pro-m5-max-2026-m5-max-36-gb-2-tb-ssd-tahoe-mgdq4hn-a/p/itm97e90352b6f29?pid=COMHZQX4TFMKHY57
2026-10-09T04:47:30Z,COMHZQX4ZAQBGQVC,"Apple MacBook Pro (M5 Pro, 2026) M5 Pro - (48 GB/1 TB SSD/Tahoe) MGE64HN/A",431900,https://www.flipkart.com/apple-macbook-pro-m5-pro-2026-m5-48-gb-1-tb-ssd-tahoe-mge64hn-a/p/itm6b4ea51c38590?pid=COMHZQX4ZAQBGQVC
2026-10-09T04:47:30Z,COMHZQX4PCFTNPJU,"Apple MacBook Pro (M5 Max, 2026) M5 Max - (36 GB/2 TB SSD/Tahoe) MGE74HN/A",458899,https://www.flipkart.com/apple-macbook-pro-m5-max-2026-m5-max-36-gb-2-tb-ssd-tahoe-mge74hn-a/p/itm1355d715d217e?pid=COMHZQX4PCFTNPJU
2026-10-09T04:47:30Z,COMHZQX4M9Y7DQYP,"Apple MacBook Pro (M5 Max, 2026) M5 Max - (36 GB/2 TB SSD/Tahoe) MGED4HN/A",477799,https://www.flipkart.com/apple-macbook-pro-m5-max-2026-m5-max-36-gb-2-tb-ssd-tahoe-mged4hn-a/p/itmff753615fba4e?pid=COMHZQX4M9Y7DQYP
2026-10-09T04:47:30Z,COMHZQX4HMYTPZWH,"Apple MacBook Pro (M5 Max, 2026) M5 Max - (48 GB/2 TB SSD/Tahoe) MGEE4HN/A",526899,https://www.flipkart.com/apple-macbook-pro-m5-max-2026-m5-max-48-gb-2-tb-ssd-tahoe-mgee4hn-a/p/itm5ca623b287e68?pid=COMHZQX4HMYTPZWH
2026-10-09T11:37:46Z,COMHZQX47WQ7YJZP,"Apple MacBook Air (M5, 2026) M5 - (16 GB/512 GB SSD/Tahoe) MDHE4HN/A",139990,https://www.flipkart.com/apple-macbook-air-m5-2026-m5-16-gb-512-gb-ssd-tahoe-mdhe4hn-a/p/itm8505e2f874525?pid=COMHZQX47WQ7YJZP
2026-10-09T11:37:46Z,COMHZQX48T78QSFH,"Apple MacBook Air (M5, 2026) M5 - (16 GB/512 GB SSD/Tahoe) MDHH4HN/A",139990,https://www.flipkart.com/apple-macbook-air-m5-2026-m5-16-gb-512-gb-ssd-tahoe-mdhh4hn-a/p/itm5a19d35343c46?pid=COMHZQX48T78QSFH
2026-10-09T11:37:46Z,COMHZQX4ZGEKVQJT,"Apple MacBook Air (M5, 2026) M5 - (16 GB/512 GB SSD/Tahoe) MDHA4HN/A",139990,https://www.flipkart.com/apple-macbook-air-m5-2026-m5-16-gb-512-gb-ssd-tahoe-mdha4hn-a/p/itm3fee23645bafb?pid=COMHZQX4ZGEKVQJT
2026-10-09T11:37:46Z,COMHZQX4GXGGJHDY,"Apple MacBook Air (M5, 2026) M5 - (16 GB/512 GB SSD/Tahoe) MDH74HN/A",139990,https://www.flipkart.com/apple-macbook-air-m5-2026-m5-16-gb-512-gb-ssd-tahoe-mdh74hn-a/p/itm7780abdd2be7d?pid=COMHZQX4GXGGJHDY
2026-10-09T11:37:46Z,COMHZQX43F53YMDH,"Apple MacBook Air (M5, 2026) M5 - (16 GB/512 GB SSD/Tahoe) MDVH4HN/A",159990,https://www.flipkart.com/apple-macbook-air-m5-2026-m5-16-gb-512-gb-ssd-tahoe-mdvh4hn-a/p/itmd6e6f3c7a6603?pid=COMHZQX43F53YMDH
2026-10-09T11:37:46Z,COMHZQX4X7QDXECT,"Apple MacBook Air (M5, 2026) M5 - (16 GB/512 GB SSD/Tahoe) MDVQ4HN/A",159990,https://www.flipkart.com/apple-macbook-air-m5-2026-m5-16-gb-512-gb-ssd-tahoe-mdvq4hn-a/p/itm4b244ba3a72ce?pid=COMHZQX4X7QDXECT
2026-10-09T11:37:46Z,COMHZQX4VQBBYYKT,"Apple MacBook Air (M5, 2026) M5 - (16 GB/1 TB SSD/Tahoe) MDH84HN/A",164499,https://www.flipkart.com/apple-macbook-air-m5-2026-m5-16-gb-1-tb-ssd-tahoe-mdh84hn-a/p/itme8a147c5748e8?pid=COMHZQX4VQBBYYKT
2026-10-09T11:37:46Z,COMHZQX48G9THDFN,"Apple MacBook Air (M5, 2026) M5 - (16 GB/1 TB SSD/Tahoe) MDHJ4HN/A",164990,https://www.flipkart.com/apple-macbook-air-m5-2026-m5-16-gb-1-tb-ssd-tahoe-mdhj4hn-a/p/itmb44260ca18723?pid=COMHZQX48G9THDFN
2026-10-09T11:37:46Z,COMHZQX4HPH9XUPZ,"Apple MacBook Air (M5, 2026) M5 - (16 GB/1 TB SSD/Tahoe) MDHF4HN/A",164990,https://www.flipkart.com/apple-macbook-air-m5-2026-m5-16-gb-1-tb-ssd-tahoe-mdhf4hn-a/p/itmcb85d95a91f0d?pid=COMHZQX4HPH9XUPZ
2026-10-09T11:37:46Z,COMHZQX4GRPZZEU3,"Apple MacBook Air (M5, 2026) M5 - (24 GB/1 TB SSD/Tahoe) MDHK4HN/A",186990,https://www.flipkart.com/apple-macbook-air-m5-2026-m5-24-gb-1-tb-ssd-tahoe-mdhk4hn-a/p/itm81706d46d2612?pid=COMHZQX4GRPZZEU3
2026-10-09T11:37:46Z,COMHZQX42QTJHCJH,"Apple MacBook Air (M5, 2026) M5 - (16 GB/1 TB SSD/Tahoe) MDVT4HN/A",192990,https://www.flipkart.com/apple-macbook-air-m5-2026-m5-16-gb-1-tb-ssd-tahoe-mdvt4hn-a/p/itm6d89aef2f30f7?pid=COMHZQX42QTJHCJH
2026-10-09T11:37:46Z,COMHZQX4DKHHHMME,"Apple MacBook Air (M5, 2026) M5 - (16 GB/1 TB SSD/Tahoe) MDVK4HN/A",192990,https://www.flipkart.com/apple-macbook-air-m5-2026-m5-16-gb-1-tb-ssd-tahoe-mdvk4hn-a/p/itma2aeb2eabe3e3?pid=COMHZQX4DKHHHMME
2026-10-09T11:37:46Z,COMHZQX4NEDTDT6C,"Apple MacBook Air (M5, 2026) M5 - (16 GB/1 TB SSD/Tahoe) MDVA4HN/A",192990,https://www.flipkart.com/apple-macbook-air-m5-2026-m5-16-gb-1-tb-ssd-tahoe-mdva4hn-a/p/itm1542a60aa68e2?pid=COMHZQX4NEDTDT6C
2026-10-09T11:37:46Z,COMHZQX4AZGCXANN,"Apple MacBook Air (M5, 2026) M5 - (24 GB/1 TB SSD/Tahoe) MDVF4HN/A",212299,https://www.flipkart.com/apple-macbook-air-m5-2026-m5-24-gb-1-tb-ssd-tahoe-mdvf4hn-a/p/itmd116194da74e8?pid=COMHZQX4AZGCXANN
2026-10-09T11:37:46Z,COMHZQX4GHMGY2AF,"Apple MacBook Air (M5, 2026) M5 - (24 GB/1 TB SSD/Tahoe) MDVU4HN/A",212299,https://www.flipkart.com/apple-macbook-air-m5-2026-m5-24-gb-1-tb-ssd-tahoe-mdvu4hn-a/p/itm4a1e61b1c9541?pid=COMHZQX4GHMGY2AF
2026-10-09T11:37:46Z,COMHZQX4N96G6HYV,"Apple MacBook Air (M5, 2026) M5 - (24 GB/1 TB SSD/Tahoe) MDVN4HN/A",214990,https://www.flipkart.com/apple-macbook-air-m5-2026-m5-24-gb-1-tb-ssd-tahoe-mdvn4hn-a/p/itm2b5972e99410a?pid=COMHZQX4N96G6HYV
2026-10-09T11:37:46Z,COMHZQX4EHFGE6SE,"Apple MacBook Pro (M5 Pro, 2026) M5 Pro - (24 GB/2 TB SSD/Tahoe) MJLW4HN/A",305899,https://www.flipkart.com/apple-macbook-pro-m5-pro-2026-m5-24-gb-2-tb-ssd-tahoe-mjlw4hn-a/p/itm691cf21da1ad6?pid=COMHZQX4EHFGE6SE
2026-10-09T11:37:46Z,COMHZQX4Z6NWZDR4,"Apple MacBook Pro (M5 Pro, 2026) M5 Pro - (24 GB/1 TB SSD/Tahoe) MGEA4HN/A",318499,https://www.flipkart.com/apple-macbook-pro-m5-pro-2026-m5-24-gb-1-tb-ssd-tahoe-mgea4hn-a/p/itmc320686d0304a?pid=COMHZQX4Z6NWZDR4
2026-10-09T11:37:46Z,COMHZQX4SGQU4YMN,"Apple MacBook Pro (M5 Pro, 2026) M5 Pro - (24 GB/2 TB SSD/Tahoe) MGDP4HN/A",339899,https://www.flipkart.com/apple-macbook-pro-m5-pro-2026-m5-24-gb-2-tb-ssd-tahoe-mgdp4hn-a/p/itm923214582d630?pid=COMHZQX4SGQU4YMN
2026-10-09T11:37:46Z,COMHZQX4TFMKHY57,"Apple MacBook Pro (M5 Max, 2026) M5 Max - (36 GB/2 TB SSD/Tahoe) MGDQ4HN/A",424899,https://www.flipkart.com/apple-macbook-pro-m5-max-2026-m5-max-36-gb-2-tb-ssd-tahoe-mgdq4hn-a/p/itm97e90352b6f29?pid=COMHZQX4TFMKHY57
2026-10-09T11:37:46Z,COMHZQX4ZAQBGQVC,"Apple MacBook Pro (M5 Pro, 2026) M5 Pro - (48 GB/1 TB SSD/Tahoe) MGE64HN/A",431900,https://www.flipkart.com/apple-macbook-pro-m5-pro-2026-m5-48-gb-1-tb-ssd-tahoe-mge64hn-a/p/itm6b4ea51c38590?pid=COMHZQX4ZAQBGQVC
2026-10-09T11:37:46Z,COMHZQX4PCFTNPJU,"Apple MacBook Pro (M5 Max, 2026) M5 Max - (36 GB/2 TB SSD/Tahoe) MGE74HN/A",458899,https://www.flipkart.com/apple-macbook-pro-m5-max-2026-m5-max-36-gb-2-tb-ssd-tahoe-mge74hn-a/p/itm1355d715d217e?pid=COMHZQX4PCFTNPJU
2026-10-09T11:37:46Z,COMHZQX4M9Y7DQYP,"Apple MacBook Pro (M5 Max, 2026) M5 Max - (36 GB/2 TB SSD/Tahoe) MGED4HN/A",477799,https://www.flipkart.com/apple-macbook-pro-m5-max-2026-m5-max-36-gb-2-tb-ssd-tahoe-mged4hn-a/p/itmff753615fba4e?pid=COMHZQX4M9Y7DQYP
2026-10-09T11:37:46Z,COMHZQX4HMYTPZWH,"Apple MacBook Pro (M5 Max, 2026) M5 Max - (48 GB/2 TB SSD/Tahoe) MGEE4HN/A",526899,https://www.flipkart.com/apple-macbook-pro-m5-max-2026-m5-max-48-gb-2-tb-ssd-tahoe-mgee4hn-a/p/itm5ca623b287e68?pid=COMHZQX4HMYTPZWH
2026-10-09T17:33:17Z,COMHZQX47WQ7YJZP,"Apple MacBook Air (M5, 2026) M5 - (16 GB/512 GB SSD/Tahoe) MDHE4HN/A",139990,https://www.flipkart.com/apple-macbook-air-m5-2026-m5-16-gb-512-gb-ssd-tahoe-mdhe4hn-a/p/itm8505e2f874525?pid=COMHZQX47WQ7YJZP
2026-10-09T17:33:17Z,COMHZQX48T78QSFH,"Apple MacBook Air (M5, 2026) M5 - (16 GB/512 GB SSD/Tahoe) MDHH4HN/A",139990,https://www.flipkart.com/apple-macbook-air-m5-2026-m5-16-gb-512-gb-ssd-tahoe-mdhh4hn-a/p/itm5a19d35343c46?pid=COMHZQX48T78QSFH
2026-10-09T17:33:17Z,COMHZQX4ZGEKVQJT,"Apple MacBook Air (M5, 2026) M5 - (16 GB/512 GB SSD/Tahoe) MDHA4HN/A",139990,https://www.flipkart.com/apple-macbook-air-m5-2026-m5-16-gb-512-gb-ssd-tahoe-mdha4hn-a/p/itm3fee23645bafb?pid=COMHZQX4ZGEKVQJT
2026-10-09T17:33:17Z,COMHZQX4GXGGJHDY,"Apple MacBook Air (M5, 2026) M5 - (16 GB/512 GB SSD/Tahoe) MDH74HN/A",139990,https://www.flipkart.com/apple-macbook-air-m5-2026-m5-16-gb-512-gb-ssd-tahoe-mdh74hn-a/p/itm7780abdd2be7d?pid=COMHZQX4GXGGJHDY
2026-10-09T17:33:17Z,COMHZQX43F53YMDH,"Apple MacBook Air (M5, 2026) M5 - (16 GB/512 GB SSD/Tahoe) MDVH4HN/A",159990,https://www.flipkart.com/apple-macbook-air-m5-2026-m5-16-gb-512-gb-ssd-tahoe-mdvh4hn-a/p/itmd6e6f3c7a6603?pid=COMHZQX43F53YMDH
2026-10-09T17:33:17Z,COMHZQX4X7QDXECT,"Apple MacBook Air (M5, 2026) M5 - (16 GB/512 GB SSD/Tahoe) MDVQ4HN/A",159990,https://www.flipkart.com/apple-macbook-air-m5-2026-m5-16-gb-512-gb-ssd-tahoe-mdvq4hn-a/p/itm4b244ba3a72ce?pid=COMHZQX4X7QDXECT
2026-10-09T17:33:17Z,COMHZQX4VQBBYYKT,"Apple MacBook Air (M5, 2026) M5 - (16 GB/1 TB SSD/Tahoe) MDH84HN/A",164499,https://www.flipkart.com/apple-macbook-air-m5-2026-m5-16-gb-1-tb-ssd-tahoe-mdh84hn-a/p/itme8a147c5748e8?pid=COMHZQX4VQBBYYKT
2026-10-09T17:33:17Z,COMHZQX48G9THDFN,"Apple MacBook Air (M5, 2026) M5 - (16 GB/1 TB SSD/Tahoe) MDHJ4HN/A",164990,https://www.flipkart.com/apple-macbook-air-m5-2026-m5-16-gb-1-tb-ssd-tahoe-mdhj4hn-a/p/itmb44260ca18723?pid=COMHZQX48G9THDFN
2026-10-09T17:33:17Z,COMHZQX4HPH9XUPZ,"Apple MacBook Air (M5, 2026) M5 - (16 GB/1 TB SSD/Tahoe) MDHF4HN/A",164990,https://www.flipkart.com/apple-macbook-air-m5-2026-m5-16-gb-1-tb-ssd-tahoe-mdhf4hn-a/p/itmcb85d95a91f0d?pid=COMHZQX4HPH9XUPZ
2026-10-09T17:33:17Z,COMHZQX4GRPZZEU3,"Apple MacBook Air (M5, 2026) M5 - (24 GB/1 TB SSD/Tahoe) MDHK4HN/A",186990,https://www.flipkart.com/apple-macbook-air-m5-2026-m5-24-gb-1-tb-ssd-tahoe-mdhk4hn-a/p/itm81706d46d2612?pid=COMHZQX4GRPZZEU3
2026-10-09T17:33:17Z,COMHZQX42QTJHCJH,"Apple MacBook Air (M5, 2026) M5 - (16 GB/1 TB SSD/Tahoe) MDVT4HN/A",192990,https://www.flipkart.com/apple-macbook-air-m5-2026-m5-16-gb-1-tb-ssd-tahoe-mdvt4hn-a/p/itm6d89aef2f30f7?pid=COMHZQX42QTJHCJH
2026-10-09T17:33:17Z,COMHZQX4DKHHHMME,"Apple MacBook Air (M5, 2026) M5 - (16 GB/1 TB SSD/Tahoe) MDVK4HN/A",192990,https://www.flipkart.com/apple-macbook-air-m5-2026-m5-16-gb-1-tb-ssd-tahoe-mdvk4hn-a/p/itma2aeb2eabe3e3?pid=COMHZQX4DKHHHMME
2026-10-09T17:33:17Z,COMHZQX4NEDTDT6C,"Apple MacBook Air (M5, 2026) M5 - (16 GB/1 TB SSD/Tahoe) MDVA4HN/A",192990,https://www.flipkart.com/apple-macbook-air-m5-2026-m5-16-gb-1-tb-ssd-tahoe-mdva4hn-a/p/itm1542a60aa68e2?pid=COMHZQX4NEDTDT6C
2026-10-09T17:33:17Z,COMHZQX4AZGCXANN,"Apple MacBook Air (M5, 2026) M5 - (24 GB/1 TB SSD/Tahoe) MDVF4HN/A",212299,https://www.flipkart.com/apple-macbook-air-m5-2026-m5-24-gb-1-tb-ssd-tahoe-mdvf4hn-a/p/itmd116194da74e8?pid=COMHZQX4AZGCXANN
2026-10-09T17:33:17Z,COMHZQX4GHMGY2AF,"Apple MacBook Air (M5, 2026) M5 - (24 GB/1 TB SSD/Tahoe) MDVU4HN/A",212299,https://www.flipkart.com/apple-macbook-air-m5-2026-m5-24-gb-1-tb-ssd-tahoe-mdvu4hn-a/p/itm4a1e61b1c9541?pid=COMHZQX4GHMGY2AF
2026-10-09T17:33:17Z,COMHZQX4N96G6HYV,"Apple MacBook Air (M5, 2026) M5 - (24 GB/1 TB SSD/Tahoe) MDVN4HN/A",214990,https://www.flipkart.com/apple-macbook-air-m5-2026-m5-24-gb-1-tb-ssd-tahoe-mdvn4hn-a/p/itm2b5972e99410a?pid=COMHZQX4N96G6HYV
2026-10-09T17:33:17Z,COMHZQX4Z6NWZDR4,"Apple MacBook Pro (M5 Pro, 2026) M5 Pro - (24 GB/1 TB SSD/Tahoe) MGEA4HN/A",318499,https://www.flipkart.com/apple-macbook-pro-m5-pro-2026-m5-24-gb-1-tb-ssd-tahoe-mgea4hn-a/p/itmc320686d0304a?pid=COMHZQX4Z6NWZDR4
2026-10-09T17:33:17Z,COMHZQX4SGQU4YMN,"Apple MacBook Pro (M5 Pro, 2026) M5 Pro - (24 GB/2 TB SSD/Tahoe) MGDP4HN/A",339899,https://www.flipkart.com/apple-macbook-pro-m5-pro-2026-m5-24-gb-2-tb-ssd-tahoe-mgdp4hn-a/p/itm923214582d630?pid=COMHZQX4SGQU4YMN
2026-10-09T17:33:17Z,COMHZQX4NC4BMQMG,"Apple MacBook Pro (M5 Pro, 2026) M5 Pro - (24 GB/2 TB SSD/Tahoe) MGDT4HN/A",339899,https://www.flipkart.com/apple-macbook-pro-m5-pro-2026-m5-24-gb-2-tb-ssd-tahoe-mgdt4hn-a/p/itm449d6885bb17f?pid=COMHZQX4NC4BMQMG
2026-10-09T17:33:17Z,COMHZQX4TFMKHY57,"Apple MacBook Pro (M5 Max, 2026) M5 Max - (36 GB/2 TB SSD/Tahoe) MGDQ4HN/A",424899,https://www.flipkart.com/apple-macbook-pro-m5-max-2026-m5-max-36-gb-2-tb-ssd-tahoe-mgdq4hn-a/p/itm97e90352b6f29?pid=COMHZQX4TFMKHY57
2026-10-09T17:33:17Z,COMHZQX4ZAQBGQVC,"Apple MacBook Pro (M5 Pro, 2026) M5 Pro - (48 GB/1 TB SSD/Tahoe) MGE64HN/A",431900,https://www.flipkart.com/apple-macbook-pro-m5-pro-2026-m5-48-gb-1-tb-ssd-tahoe-mge64hn-a/p/itm6b4ea51c38590?pid=COMHZQX4ZAQBGQVC
2026-10-09T17:33:17Z,COMHZQX4PCFTNPJU,"Apple MacBook Pro (M5 Max, 2026) M5 Max - (36 GB/2 TB SSD/Tahoe) MGE74HN/A",458899,https://www.flipkart.com/apple-macbook-pro-m5-max-2026-m5-max-36-gb-2-tb-ssd-tahoe-mge74hn-a/p/itm1355d715d217e?pid=COMHZQX4PCFTNPJU
2026-10-09T17:33:17Z,COMHZQX4M9Y7DQYP,"Apple MacBook Pro (M5 Max, 2026) M5 Max - (36 GB/2 TB SSD/Tahoe) MGED4HN/A",477799,https://www.flipkart.com/apple-macbook-pro-m5-max-2026-m5-max-36-gb-2-tb-ssd-tahoe-mged4hn-a/p/itmff753615fba4e?pid=COMHZQX4M9Y7DQYP
2026-10-09T17:33:17Z,COMHZQX4HMYTPZWH,"Apple MacBook Pro (M5 Max, 2026) M5 Max - (48 GB/2 TB SSD/Tahoe) MGEE4HN/A",526899,https://www.flipkart.com/apple-macbook-pro-m5-max-2026-m5-max-48-gb-2-tb-ssd-tahoe-mgee4hn-a/p/itm5ca623b287e68?pid=COMHZQX4HMYTPZWH
2026-10-09T21:52:46Z,COMHZQX48T78QSFH,"Apple MacBook Air (M5, 2026) M5 - (16 GB/512 GB SSD/Tahoe) MDHH4HN/A",139990,https://www.flipkart.com/apple-macbook-air-m5-2026-m5-16-gb-512-gb-ssd-tahoe-mdhh4hn-a/p/itm5a19d35343c46?pid=COMHZQX48T78QSFH
2026-10-09T21:52:46Z,COMHZQX47WQ7YJZP,"Apple MacBook Air (M5, 2026) M5 - (16 GB/512 GB SSD/Tahoe) MDHE4HN/A",139990,https://www.flipkart.com/apple-macbook-air-m5-2026-m5-16-gb-512-gb-ssd-tahoe-mdhe4hn-a/p/itm8505e2f874525?pid=COMHZQX47WQ7YJZP
2026-10-09T21:52:46Z,COMHZQX4ZGEKVQJT,"Apple MacBook Air (M5, 2026) M5 - (16 GB/512 GB SSD/Tahoe) MDHA4HN/A",139990,https://www.flipkart.com/apple-macbook-air-m5-2026-m5-16-gb-512-gb-ssd-tahoe-mdha4hn-a/p/itm3fee23645bafb?pid=COMHZQX4ZGEKVQJT
2026-10-09T21:52:46Z,COMHZQX4GXGGJHDY,"Apple MacBook Air (M5, 2026) M5 - (16 GB/512 GB SSD/Tahoe) MDH74HN/A",139990,https://www.flipkart.com/apple-macbook-air-m5-2026-m5-16-gb-512-gb-ssd-tahoe-mdh74hn-a/p/itm7780abdd2be7d?pid=COMHZQX4GXGGJHDY
2026-10-09T21:52:46Z,COMHZQX43F53YMDH,"Apple MacBook Air (M5, 2026) M5 - (16 GB/512 GB SSD/Tahoe) MDVH4HN/A",159990,https://www.flipkart.com/apple-macbook-air-m5-2026-m5-16-gb-512-gb-ssd-tahoe-mdvh4hn-a/p/itmd6e6f3c7a6603?pid=COMHZQX43F53YMDH
2026-10-09T21:52:46Z,COMHZQX4X7QDXECT,"Apple MacBook Air (M5, 2026) M5 - (16 GB/512 GB SSD/Tahoe) MDVQ4HN/A",159990,https://www.flipkart.com/apple-macbook-air-m5-2026-m5-16-gb-512-gb-ssd-tahoe-mdvq4hn-a/p/itm4b244ba3a72ce?pid=COMHZQX4X7QDXECT
2026-10-09T21:52:46Z,COMHZQX4VQBBYYKT,"Apple MacBook Air (M5, 2026) M5 - (16 GB/1 TB SSD/Tahoe) MDH84HN/A",164499,https://www.flipkart.com/apple-macbook-air-m5-2026-m5-16-gb-1-tb-ssd-tahoe-mdh84hn-a/p/itme8a147c5748e8?pid=COMHZQX4VQBBYYKT
2026-10-09T21:52:46Z,COMHZQX48G9THDFN,"Apple MacBook Air (M5, 2026) M5 - (16 GB/1 TB SSD/Tahoe) MDHJ4HN/A",164990,https://www.flipkart.com/apple-macbook-air-m5-2026-m5-16-gb-1-tb-ssd-tahoe-mdhj4hn-a/p/itmb44260ca18723?pid=COMHZQX48G9THDFN
2026-10-09T21:52:46Z,COMHZQX4HPH9XUPZ,"Apple MacBook Air (M5, 2026) M5 - (16 GB/1 TB SSD/Tahoe) MDHF4HN/A",164990,https://www.flipkart.com/apple-macbook-air-m5-2026-m5-16-gb-1-tb-ssd-tahoe-mdhf4hn-a/p/itmcb85d95a91f0d?pid=COMHZQX4HPH9XUPZ
2026-10-09T21:52:46Z,COMHZQX4GRPZZEU3,"Apple MacBook Air (M5, 2026) M5 - (24 GB/1 TB SSD/Tahoe) MDHK4HN/A",186990,https://www.flipkart.com/apple-macbook-air-m5-2026-m5-24-gb-1-tb-ssd-tahoe-mdhk4hn-a/p/itm81706d46d2612?pid=COMHZQX4GRPZZEU3
2026-10-09T21:52:46Z,COMHZQX42QTJHCJH,"Apple MacBook Air (M5, 2026) M5 - (16 GB/1 TB SSD/Tahoe) MDVT4HN/A",192990,https://www.flipkart.com/apple-macbook-air-m5-2026-m5-16-gb-1-tb-ssd-tahoe-mdvt4hn-a/p/itm6d89aef2f30f7?pid=COMHZQX42QTJHCJH
2026-10-09T21:52:46Z,COMHZQX4DKHHHMME,"Apple MacBook Air (M5, 2026) M5 - (16 GB/1 TB SSD/Tahoe) MDVK4HN/A",192990,https://www.flipkart.com/apple-macbook-air-m5-2026-m5-16-gb-1-tb-ssd-tahoe-mdvk4hn-a/p/itma2aeb2eabe3e3?pid=COMHZQX4DKHHHMME
2026-10-09T21:52:46Z,COMHZQX4NEDTDT6C,"Apple MacBook Air (M5, 2026) M5 - (16 GB/1 TB SSD/Tahoe) MDVA4HN/A",192990,https://www.flipkart.com/apple-macbook-air-m5-2026-m5-16-gb-1-tb-ssd-tahoe-mdva4hn-a/p/itm1542a60aa68e2?pid=COMHZQX4NEDTDT6C
2026-10-09T21:52:46Z,COMHZQX4AZGCXANN,"Apple MacBook Air (M5, 2026) M5 - (24 GB/1 TB SSD/Tahoe) MDVF4HN/A",212299,https://www.flipkart.com/apple-macbook-air-m5-2026-m5-24-gb-1-tb-ssd-tahoe-mdvf4hn-a/p/itmd116194da74e8?pid=COMHZQX4AZGCXANN
2026-10-09T21:52:46Z,COMHZQX4GHMGY2AF,"Apple MacBook Air (M5, 2026) M5 - (24 GB/1 TB SSD/Tahoe) MDVU4HN/A",212299,https://www.flipkart.com/apple-macbook-air-m5-2026-m5-24-gb-1-tb-ssd-tahoe-mdvu4hn-a/p/itm4a1e61b1c9541?pid=COMHZQX4GHMGY2AF
2026-10-09T21:52:46Z,COMHZQX4N96G6HYV,"Apple MacBook Air (M5, 2026) M5 - (24 GB/1 TB SSD/Tahoe) MDVN4HN/A",214990,https://www.flipkart.com/apple-macbook-air-m5-2026-m5-24-gb-1-tb-ssd-tahoe-mdvn4hn-a/p/itm2b5972e99410a?pid=COMHZQX4N96G6HYV
2026-10-09T21:52:46Z,COMHZQX4SGQU4YMN,"Apple MacBook Pro (M5 Pro, 2026) M5 Pro - (24 GB/2 TB SSD/Tahoe) MGDP4HN/A",339899,https://www.flipkart.com/apple-macbook-pro-m5-pro-2026-m5-24-gb-2-tb-ssd-tahoe-mgdp4hn-a/p/itm923214582d630?pid=COMHZQX4SGQU4YMN
2026-10-09T21:52:46Z,COMHZQX4NC4BMQMG,"Apple MacBook Pro (M5 Pro, 2026) M5 Pro - (24 GB/2 TB SSD/Tahoe) MGDT4HN/A",339899,https://www.flipkart.com/apple-macbook-pro-m5-pro-2026-m5-24-gb-2-tb-ssd-tahoe-mgdt4hn-a/p/itm449d6885bb17f?pid=COMHZQX4NC4BMQMG
2026-10-09T21:52:46Z,COMHZQX4TFMKHY57,"Apple MacBook Pro (M5 Max, 2026) M5 Max - (36 GB/2 TB SSD/Tahoe) MGDQ4HN/A",424899,https://www.flipkart.com/apple-macbook-pro-m5-max-2026-m5-max-36-gb-2-tb-ssd-tahoe-mgdq4hn-a/p/itm97e90352b6f29?pid=COMHZQX4TFMKHY57
2026-10-09T21:52:46Z,COMHZQX4QJZUZGFU,"Apple MacBook Pro (M5 Max, 2026) M5 Max - (36 GB/2 TB SSD/Tahoe) MGDU4HN/A",424899,https://www.flipkart.com/apple-macbook-pro-m5-max-2026-m5-max-36-gb-2-tb-ssd-tahoe-mgdu4hn-a/p/itmf151e0a9495a0?pid=COMHZQX4QJZUZGFU
2026-10-09T21:52:46Z,COMHZQX4ZAQBGQVC,"Apple MacBook Pro (M5 Pro, 2026) M5 Pro - (48 GB/1 TB SSD/Tahoe) MGE64HN/A",431900,https://www.flipkart.com/apple-macbook-pro-m5-pro-2026-m5-48-gb-1-tb-ssd-tahoe-mge64hn-a/p/itm6b4ea51c38590?pid=COMHZQX4ZAQBGQVC
2026-10-09T21:52:46Z,COMHZQX4PCFTNPJU,"Apple MacBook Pro (M5 Max, 2026) M5 Max - (36 GB/2 TB SSD/Tahoe) MGE74HN/A",458899,https://www.flipkart.com/apple-macbook-pro-m5-max-2026-m5-max-36-gb-2-tb-ssd-tahoe-mge74hn-a/p/itm1355d715d217e?pid=COMHZQX4PCFTNPJU
2026-10-09T21:52:46Z,COMHZQX4M9Y7DQYP,"Apple MacBook Pro (M5 Max, 2026) M5 Max - (36 GB/2 TB SSD/Tahoe) MGED4HN/A",477799,https://www.flipkart.com/apple-macbook-pro-m5-max-2026-m5-max-36-gb-2-tb-ssd-tahoe-mged4hn-a/p/itmff753615fba4e?pid=COMHZQX4M9Y7DQYP
2026-10-09T21:52:46Z,COMHZQX4HMYTPZWH,"Apple MacBook Pro (M5 Max, 2026) M5 Max - (48 GB/2 TB SSD/Tahoe) MGEE4HN/A",526899,https://www.flipkart.com/apple-macbook-pro-m5-max-2026-m5-max-48-gb-2-tb-ssd-tahoe-mgee4hn-a/p/itm5ca623b287e68?pid=COMHZQX4HMYTPZWH
2026-10-10T01:27:11Z,COMHZQX48T78QSFH,"Apple MacBook Air (M5, 2026) M5 - (16 GB/512 GB SSD/Tahoe) MDHH4HN/A",139990,https://www.flipkart.com/apple-macbook-air-m5-2026-m5-16-gb-512-gb-ssd-tahoe-mdhh4hn-a/p/itm5a19d35343c46?pid=COMHZQX48T78QSFH
2026-10-10T01:27:11Z,COMHZQX47WQ7YJZP,"Apple MacBook Air (M5, 2026) M5 - (16 GB/512 GB SSD/Tahoe) MDHE4HN/A",139990,https://www.flipkart.com/apple-macbook-air-m5-2026-m5-16-gb-512-gb-ssd-tahoe-mdhe4hn-a/p/itm8505e2f874525?pid=COMHZQX47WQ7YJZP
2026-10-10T01:27:11Z,COMHZQX4ZGEKVQJT,"Apple MacBook Air (M5, 2026) M5 - (16 GB/512 GB SSD/Tahoe) MDHA4HN/A",139990,https://www.flipkart.com/apple-macbook-air-m5-2026-m5-16-gb-512-gb-ssd-tahoe-mdha4hn-a/p/itm3fee23645bafb?pid=COMHZQX4ZGEKVQJT
2026-10-10T01:27:11Z,COMHZQX4GXGGJHDY,"Apple MacBook Air (M5, 2026) M5 - (16 GB/512 GB SSD/Tahoe) MDH74HN/A",139990,https://www.flipkart.com/apple-macbook-air-m5-2026-m5-16-gb-512-gb-ssd-tahoe-mdh74hn-a/p/itm7780abdd2be7d?pid=COMHZQX4GXGGJHDY
2026-10-10T01:27:11Z,COMHZQX43F53YMDH,"Apple MacBook Air (M5, 2026) M5 - (16 GB/512 GB SSD/Tahoe) MDVH4HN/A",159990,https://www.flipkart.com/apple-macbook-air-m5-2026-m5-16-gb-512-gb-ssd-tahoe-mdvh4hn-a/p/itmd6e6f3c7a6603?pid=COMHZQX43F53YMDH
2026-10-10T01:27:11Z,COMHZQX4X7QDXECT,"Apple MacBook Air (M5, 2026) M5 - (16 GB/512 GB SSD/Tahoe) MDVQ4HN/A",159990,https://www.flipkart.com/apple-macbook-air-m5-2026-m5-16-gb-512-gb-ssd-tahoe-mdvq4hn-a/p/itm4b244ba3a72ce?pid=COMHZQX4X7QDXECT
2026-10-10T01:27:11Z,COMHZQX4VQBBYYKT,"Apple MacBook Air (M5, 2026) M5 - (16 GB/1 TB SSD/Tahoe) MDH84HN/A",164499,https://www.flipkart.com/apple-macbook-air-m5-2026-m5-16-gb-1-tb-ssd-tahoe-mdh84hn-a/p/itme8a147c5748e8?pid=COMHZQX4VQBBYYKT
2026-10-10T01:27:11Z,COMHZQX48G9THDFN,"Apple MacBook Air (M5, 2026) M5 - (16 GB/1 TB SSD/Tahoe) MDHJ4HN/A",164990,https://www.flipkart.com/apple-macbook-air-m5-2026-m5-16-gb-1-tb-ssd-tahoe-mdhj4hn-a/p/itmb44260ca18723?pid=COMHZQX48G9THDFN
2026-10-10T01:27:11Z,COMHZQX4HPH9XUPZ,"Apple MacBook Air (M5, 2026) M5 - (16 GB/1 TB SSD/Tahoe) MDHF4HN/A",164990,https://www.flipkart.com/apple-macbook-air-m5-2026-m5-16-gb-1-tb-ssd-tahoe-mdhf4hn-a/p/itmcb85d95a91f0d?pid=COMHZQX4HPH9XUPZ
2026-10-10T01:27:11Z,COMHZQX4GRPZZEU3,"Apple MacBook Air (M5, 2026) M5 - (24 GB/1 TB SSD/Tahoe) MDHK4HN/A",186990,https://www.flipkart.com/apple-macbook-air-m5-2026-m5-24-gb-1-tb-ssd-tahoe-mdhk4hn-a/p/itm81706d46d2612?pid=COMHZQX4GRPZZEU3
2026-10-10T01:27:11Z,COMHZQX42QTJHCJH,"Apple MacBook Air (M5, 2026) M5 - (16 GB/1 TB SSD/Tahoe) MDVT4HN/A",192990,https://www.flipkart.com/apple-macbook-air-m5-2026-m5-16-gb-1-tb-ssd-tahoe-mdvt4hn-a/p/itm6d89aef2f30f7?pid=COMHZQX42QTJHCJH
2026-10-10T01:27:11Z,COMHZQX4DKHHHMME,"Apple MacBook Air (M5, 2026) M5 - (16 GB/1 TB SSD/Tahoe) MDVK4HN/A",192990,https://www.flipkart.com/apple-macbook-air-m5-2026-m5-16-gb-1-tb-ssd-tahoe-mdvk4hn-a/p/itma2aeb2eabe3e3?pid=COMHZQX4DKHHHMME
2026-10-10T01:27:11Z,COMHZQX4NEDTDT6C,"Apple MacBook Air (M5, 2026) M5 - (16 GB/1 TB SSD/Tahoe) MDVA4HN/A",192990,https://www.flipkart.com/apple-macbook-air-m5-2026-m5-16-gb-1-tb-ssd-tahoe-mdva4hn-a/p/itm1542a60aa68e2?pid=COMHZQX4NEDTDT6C
2026-10-10T01:27:11Z,COMHZQX4AZGCXANN,"Apple MacBook Air (M5, 2026) M5 - (24 GB/1 TB SSD/Tahoe) MDVF4HN/A",212299,https://www.flipkart.com/apple-macbook-air-m5-2026-m5-24-gb-1-tb-ssd-tahoe-mdvf4hn-a/p/itmd116194da74e8?pid=COMHZQX4AZGCXANN
2026-10-10T01:27:11Z,COMHZQX4GHMGY2AF,"Apple MacBook Air (M5, 2026) M5 - (24 GB/1 TB SSD/Tahoe) MDVU4HN/A",212299,https://www.flipkart.com/apple-macbook-air-m5-2026-m5-24-gb-1-tb-ssd-tahoe-mdvu4hn-a/p/itm4a1e61b1c9541?pid=COMHZQX4GHMGY2AF
2026-10-10T01:27:11Z,COMHZQX4N96G6HYV,"Apple MacBook Air (M5, 2026) M5 - (24 GB/1 TB SSD/Tahoe) MDVN4HN/A",214990,https://www.flipkart.com/apple-macbook-air-m5-2026-m5-24-gb-1-tb-ssd-tahoe-mdvn4hn-a/p/itm2b5972e99410a?pid=COMHZQX4N96G6HYV
2026-10-10T01:27:11Z,COMHZQX4Z6NWZDR4,"Apple MacBook Pro (M5 Pro, 2026) M5 Pro - (24 GB/1 TB SSD/Tahoe) MGEA4HN/A",318499,https://www.flipkart.com/apple-macbook-pro-m5-pro-2026-m5-24-gb-1-tb-ssd-tahoe-mgea4hn-a/p/itmc320686d0304a?pid=COMHZQX4Z6NWZDR4
2026-10-10T01:27:11Z,COMHZQX4SGQU4YMN,"Apple MacBook Pro (M5 Pro, 2026) M5 Pro - (24 GB/2 TB SSD/Tahoe) MGDP4HN/A",339899,https://www.flipkart.com/apple-macbook-pro-m5-pro-2026-m5-24-gb-2-tb-ssd-tahoe-mgdp4hn-a/p/itm923214582d630?pid=COMHZQX4SGQU4YMN
2026-10-10T01:27:11Z,COMHZQX4NC4BMQMG,"Apple MacBook Pro (M5 Pro, 2026) M5 Pro - (24 GB/2 TB SSD/Tahoe) MGDT4HN/A",339899,https://www.flipkart.com/apple-macbook-pro-m5-pro-2026-m5-24-gb-2-tb-ssd-tahoe-mgdt4hn-a/p/itm449d6885bb17f?pid=COMHZQX4NC4BMQMG
2026-10-10T01:27:11Z,COMHZQX4TFMKHY57,"Apple MacBook Pro (M5 Max, 2026) M5 Max - (36 GB/2 TB SSD/Tahoe) MGDQ4HN/A",424899,https://www.flipkart.com/apple-macbook-pro-m5-max-2026-m5-max-36-gb-2-tb-ssd-tahoe-mgdq4hn-a/p/itm97e90352b6f29?pid=COMHZQX4TFMKHY57
2026-10-10T01:27:11Z,COMHZQX4ZAQBGQVC,"Apple MacBook Pro (M5 Pro, 2026) M5 Pro - (48 GB/1 TB SSD/Tahoe) MGE64HN/A",431900,https://www.flipkart.com/apple-macbook-pro-m5-pro-2026-m5-48-gb-1-tb-ssd-tahoe-mge64hn-a/p/itm6b4ea51c38590?pid=COMHZQX4ZAQBGQVC
2026-10-10T01:27:11Z,COMHZQX4PCFTNPJU,"Apple MacBook Pro (M5 Max, 2026) M5 Max - (36 GB/2 TB SSD/Tahoe) MGE74HN/A",458899,https://www.flipkart.com/apple-macbook-pro-m5-max-2026-m5-max-36-gb-2-tb-ssd-tahoe-mge74hn-a/p/itm1355d715d217e?pid=COMHZQX4PCFTNPJU
2026-10-10T01:27:11Z,COMHZQX4M9Y7DQYP,"Apple MacBook Pro (M5 Max, 2026) M5 Max - (36 GB/2 TB SSD/Tahoe) MGED4HN/A",477799,https://www.flipkart.com/apple-macbook-pro-m5-max-2026-m5-max-36-gb-2-tb-ssd-tahoe-mged4hn-a/p/itmff753615fba4e?pid=COMHZQX4M9Y7DQYP
2026-10-10T01:27:11Z,COMHZQX4HMYTPZWH,"Apple MacBook Pro (M5 Max, 2026) M5 Max - (48 GB/2 TB SSD/Tahoe) MGEE4HN/A",526899,https://www.flipkart.com/apple-macbook-pro-m5-max-2026-m5-max-48-gb-2-tb-ssd-tahoe-mgee4hn-a/p/itm5ca623b287e68?pid=COMHZQX4HMYTPZWH
2026-10-10T07:34:23Z,COMHZQX48T78QSFH,"Apple MacBook Air (M5, 2026) M5 - (16 GB/512 GB SSD/Tahoe) MDHH4HN/A",139990,https://www.flipkart.com/apple-macbook-air-m5-2026-m5-16-gb-512-gb-ssd-tahoe-mdhh4hn-a/p/itm5a19d35343c46?pid=COMHZQX48T78QSFH
2026-10-10T07:34:23Z,COMHZQX47WQ7YJZP,"Apple MacBook Air (M5, 2026) M5 - (16 GB/512 GB SSD/Tahoe) MDHE4HN/A",139990,https://www.flipkart.com/apple-macbook-air-m5-2026-m5-16-gb-512-gb-ssd-tahoe-mdhe4hn-a/p/itm8505e2f874525?pid=COMHZQX47WQ7YJZP
2026-10-10T07:34:23Z,COMHZQX4ZGEKVQJT,"Apple MacBook Air (M5, 2026) M5 - (16 GB/512 GB SSD/Tahoe) MDHA4HN/A",139990,https://www.flipkart.com/apple-macbook-air-m5-2026-m5-16-gb-512-gb-ssd-tahoe-mdha4hn-a/p/itm3fee23645bafb?pid=COMHZQX4ZGEKVQJT
2026-10-10T07:34:23Z,COMHZQX4GXGGJHDY,"Apple MacBook Air (M5, 2026) M5 - (16 GB/512 GB SSD/Tahoe) MDH74HN/A",139990,https://www.flipkart.com/apple-macbook-air-m5-2026-m5-16-gb-512-gb-ssd-tahoe-mdh74hn-a/p/itm7780abdd2be7d?pid=COMHZQX4GXGGJHDY
2026-10-10T07:34:23Z,COMHZQX43F53YMDH,"Apple MacBook Air (M5, 2026) M5 - (16 GB/512 GB SSD/Tahoe) MDVH4HN/A",159990,https://www.flipkart.com/apple-macbook-air-m5-2026-m5-16-gb-512-gb-ssd-tahoe-mdvh4hn-a/p/itmd6e6f3c7a6603?pid=COMHZQX43F53YMDH
2026-10-10T07:34:23Z,COMHZQX4X7QDXECT,"Apple MacBook Air (M5, 2026) M5 - (16 GB/512 GB SSD/Tahoe) MDVQ4HN/A",159990,https://www.flipkart.com/apple-macbook-air-m5-2026-m5-16-gb-512-gb-ssd-tahoe-mdvq4hn-a/p/itm4b244ba3a72ce?pid=COMHZQX4X7QDXECT
2026-10-10T07:34:23Z,COMHZQX4VQBBYYKT,"Apple MacBook Air (M5, 2026) M5 - (16 GB/1 TB SSD/Tahoe) MDH84HN/A",164499,https://www.flipkart.com/apple-macbook-air-m5-2026-m5-16-gb-1-tb-ssd-tahoe-mdh84hn-a/p/itme8a147c5748e8?pid=COMHZQX4VQBBYYKT
2026-10-10T07:34:23Z,COMHZQX48G9THDFN,"Apple MacBook Air (M5, 2026) M5 - (16 GB/1 TB SSD/Tahoe) MDHJ4HN/A",164990,https://www.flipkart.com/apple-macbook-air-m5-2026-m5-16-gb-1-tb-ssd-tahoe-mdhj4hn-a/p/itmb44260ca18723?pid=COMHZQX48G9THDFN
2026-10-10T07:34:23Z,COMHZQX4HPH9XUPZ,"Apple MacBook Air (M5, 2026) M5 - (16 GB/1 TB SSD/Tahoe) MDHF4HN/A",164990,https://www.flipkart.com/apple-macbook-air-m5-2026-m5-16-gb-1-tb-ssd-tahoe-mdhf4hn-a/p/itmcb85d95a91f0d?pid=COMHZQX4HPH9XUPZ
2026-10-10T07:34:23Z,COMHZQX4GRPZZEU3,"Apple MacBook Air (M5, 2026) M5 - (24 GB/1 TB SSD/Tahoe) MDHK4HN/A",186990,https://www.flipkart.com/apple-macbook-air-m5-2026-m5-24-gb-1-tb-ssd-tahoe-mdhk4hn-a/p/itm81706d46d2612?pid=COMHZQX4GRPZZEU3
2026-10-10T07:34:23Z,COMHZQX42QTJHCJH,"Apple MacBook Air (M5, 2026) M5 - (16 GB/1 TB SSD/Tahoe) MDVT4HN/A",192990,https://www.flipkart.com/apple-macbook-air-m5-2026-m5-16-gb-1-tb-ssd-tahoe-mdvt4hn-a/p/itm6d89aef2f30f7?pid=COMHZQX42QTJHCJH
2026-10-10T07:34:23Z,COMHZQX4DKHHHMME,"Apple MacBook Air (M5, 2026) M5 - (16 GB/1 TB SSD/Tahoe) MDVK4HN/A",192990,https://www.flipkart.com/apple-macbook-air-m5-2026-m5-16-gb-1-tb-ssd-tahoe-mdvk4hn-a/p/itma2aeb2eabe3e3?pid=COMHZQX4DKHHHMME
2026-10-10T07:34:23Z,COMHZQX4NEDTDT6C,"Apple MacBook Air (M5, 2026) M5 - (16 GB/1 TB SSD/Tahoe) MDVA4HN/A",192990,https://www.flipkart.com/apple-macbook-air-m5-2026-m5-16-gb-1-tb-ssd-tahoe-mdva4hn-a/p/itm1542a60aa68e2?pid=COMHZQX4NEDTDT6C
2026-10-10T07:34:23Z,COMHZQX4AZGCXANN,"Apple MacBook Air (M5, 2026) M5 - (24 GB/1 TB SSD/Tahoe) MDVF4HN/A",212299,https://www.flipkart.com/apple-macbook-air-m5-2026-m5-24-gb-1-tb-ssd-tahoe-mdvf4hn-a/p/itmd116194da74e8?pid=COMHZQX4AZGCXANN
2026-10-10T07:34:23Z,COMHZQX4GHMGY2AF,"Apple MacBook Air (M5, 2026) M5 - (24 GB/1 TB SSD/Tahoe) MDVU4HN/A",212299,https://www.flipkart.com/apple-macbook-air-m5-2026-m5-24-gb-1-tb-ssd-tahoe-mdvu4hn-a/p/itm4a1e61b1c9541?pid=COMHZQX4GHMGY2AF
2026-10-10T07:34:23Z,COMHZQX4N96G6HYV,"Apple MacBook Air (M5, 2026) M5 - (24 GB/1 TB SSD/Tahoe) MDVN4HN/A",214990,https://www.flipkart.com/apple-macbook-air-m5-2026-m5-24-gb-1-tb-ssd-tahoe-mdvn4hn-a/p/itm2b5972e99410a?pid=COMHZQX4N96G6HYV
2026-10-10T07:34:23Z,COMHZQX4NC4BMQMG,"Apple MacBook Pro (M5 Pro, 2026) M5 Pro - (24 GB/2 TB SSD/Tahoe) MGDT4HN/A",339899,https://www.flipkart.com/apple-macbook-pro-m5-pro-2026-m5-24-gb-2-tb-ssd-tahoe-mgdt4hn-a/p/itm449d6885bb17f?pid=COMHZQX4NC4BMQMG
2026-10-10T07:34:23Z,COMHZQX4SGQU4YMN,"Apple MacBook Pro (M5 Pro, 2026) M5 Pro - (24 GB/2 TB SSD/Tahoe) MGDP4HN/A",339899,https://www.flipkart.com/apple-macbook-pro-m5-pro-2026-m5-24-gb-2-tb-ssd-tahoe-mgdp4hn-a/p/itm923214582d630?pid=COMHZQX4SGQU4YMN
2026-10-10T07:34:23Z,COMHZQX4TFMKHY57,"Apple MacBook Pro (M5 Max, 2026) M5 Max - (36 GB/2 TB SSD/Tahoe) MGDQ4HN/A",424899,https://www.flipkart.com/apple-macbook-pro-m5-max-2026-m5-max-36-gb-2-tb-ssd-tahoe-mgdq4hn-a/p/itm97e90352b6f29?pid=COMHZQX4TFMKHY57
2026-10-10T07:34:23Z,COMHZQX4QJZUZGFU,"Apple MacBook Pro (M5 Max, 2026) M5 Max - (36 GB/2 TB SSD/Tahoe) MGDU4HN/A",424899,https://www.flipkart.com/apple-macbook-pro-m5-max-2026-m5-max-36-gb-2-tb-ssd-tahoe-mgdu4hn-a/p/itmf151e0a9495a0?pid=COMHZQX4QJZUZGFU
2026-10-10T07:34:23Z,COMHZQX4ZAQBGQVC,"Apple MacBook Pro (M5 Pro, 2026) M5 Pro - (48 GB/1 TB SSD/Tahoe) MGE64HN/A",431900,https://www.flipkart.com/apple-macbook-pro-m5-pro-2026-m5-48-gb-1-tb-ssd-tahoe-mge64hn-a/p/itm6b4ea51c38590?pid=COMHZQX4ZAQBGQVC
2026-10-10T07:34:23Z,COMHZQX4PCFTNPJU,"Apple MacBook Pro (M5 Max, 2026) M5 Max - (36 GB/2 TB SSD/Tahoe) MGE74HN/A",458899,https://www.flipkart.com/apple-macbook-pro-m5-max-2026-m5-max-36-gb-2-tb-ssd-tahoe-mge74hn-a/p/itm1355d715d217e?pid=COMHZQX4PCFTNPJU
2026-10-10T07:34:23Z,COMHZQX4M9Y7DQYP,"Apple MacBook Pro (M5 Max, 2026) M5 Max - (36 GB/2 TB SSD/Tahoe) MGED4HN/A",477799,https://www.flipkart.com/apple-macbook-pro-m5-max-2026-m5-max-36-gb-2-tb-ssd-tahoe-mged4hn-a/p/itmff753615fba4e?pid=COMHZQX4M9Y7DQYP
2026-10-10T07:34:23Z,COMHZQX4HMYTPZWH,"Apple MacBook Pro (M5 Max, 2026) M5 Max - (48 GB/2 TB SSD/Tahoe) MGEE4HN/A",526899,https://www.flipkart.com/apple-macbook-pro-m5-max-2026-m5-max-48-gb-2-tb-ssd-tahoe-mgee4hn-a/p/itm5ca623b287e68?pid=COMHZQX4HMYTPZWH
